epoch,accuracy,loss,val_accuracy,val_loss
0,0.6947277188301086,1.0016205310821533,0.42308321595191956,8.822691917419434
