epoch,accuracy,loss,mean_io_u,val_accuracy,val_loss,val_mean_io_u
0,0.7128172516822815,1.0191773176193237,0.48571428656578064,0.14767825603485107,17.713903427124023,0.4855425953865051
1,0.7696616649627686,0.7514163255691528,0.48571428656578064,0.5476468801498413,1.7434792518615723,0.48571428656578064
2,0.7890627980232239,0.6779236197471619,0.48571428656578064,0.7507655620574951,0.8440593481063843,0.48571428656578064
3,0.8019401431083679,0.6461105942726135,0.48571428656578064,0.46074607968330383,3.5051236152648926,0.48571428656578064
4,0.8133516907691956,0.605699896812439,0.48571428656578064,0.7431378364562988,0.9708832502365112,0.48571428656578064
5,0.8209297060966492,0.579538881778717,0.485714316368103,0.7075632810592651,0.8848071694374084,0.48571428656578064
6,0.8283575773239136,0.5511141419410706,0.48571428656578064,0.7267600893974304,0.9203444123268127,0.48571428656578064
7,0.8339755535125732,0.5389911532402039,0.48571428656578064,0.7098720073699951,0.9537776112556458,0.48571428656578064
8,0.8370866179466248,0.5209628343582153,0.48571428656578064,0.7939866185188293,0.7296010255813599,0.48571428656578064
